scale,cx,cy,w_rel,h_rel,w_px,h_px,class,conf
0.5,0.5063881278038025,0.5302475094795227,0.6071639657020569,0.5626975893974304,182,129,apple,0.7790535092353821
0.75,0.5013244152069092,0.5338693261146545,0.6837151050567627,0.6540248394012451,205,150,apple,0.8858754634857178
1.0,0.49508586525917053,0.5373474955558777,0.7518216371536255,0.7338626384735107,226,168,apple,0.9258615970611572
1.25,0.4926520884037018,0.5391319394111633,0.7813892960548401,0.7667611837387085,234,176,apple,0.9542868733406067
1.5,0.4920758605003357,0.5405831933021545,0.7976951003074646,0.7840811014175415,239,180,apple,0.9687528014183044
1.8,0.4890402555465698,0.5431451797485352,0.8233857750892639,0.8055781722068787,247,184,apple,0.9824381470680237
