{
  "train_loss": [
    2.2860198412540456,
    2.270917028620623,
    2.305493182030277,
    2.2062561684760493,
    2.2414406117609733,
    2.2118711264237114,
    2.207471071234072,
    2.142611979286452,
    2.1566956296635134,
    2.062274624184134,
    2.1305101240314723,
    2.1033497858738555,
    2.0880035501747316,
    2.0466799747540754,
    2.0526296510788553,
    2.039712488939221,
    2.0416452412444035,
    2.0086300039061027,
    1.9351954650187837,
    1.9408830744056886,
    1.9688352962622895,
    1.859240032048617,
    1.8991001976860895,
    1.8199486847660968,
    1.7415057270999117,
    1.7910388546865343,
    1.737143503870941,
    1.8062601504118547,
    1.7353295041743109,
    1.7294439682062122,
    1.7109813563489684,
    1.6852654379922987,
    1.6834581900334014,
    1.76667879226703,
    1.7327197865011612,
    1.6226616619865675,
    1.5868260894996533,
    1.6263855355949217,
    1.6109004711759263,
    1.6153507612753606,
    1.5188552037529324,
    1.5543705161642913,
    1.5220153516041484,
    1.6049155284817092,
    1.508592528997412,
    1.5030088885394848,
    1.436545599485941,
    1.4152599544340863,
    1.5022166063244216,
    1.497059786953212,
    1.495757498027046,
    1.5471668024569893,
    1.5143255346639144,
    1.3789754697090186,
    1.4550285327837662,
    1.3373048305511475,
    1.4405054251352947,
    1.320866054382877,
    1.3284699081798683,
    1.4722107948312437,
    1.395023901105503,
    1.3980505696817296,
    1.254891948423524,
    1.3289681914923848,
    1.321375018156669,
    1.3080550138501152,
    1.2491819708819552,
    1.4017664176830347,
    1.402465732201286,
    1.3586393698402073,
    1.3438228973443958,
    1.3800885279973347,
    1.3716595748772369,
    1.4352765975942934,
    1.3005766857073502,
    1.3307148609760302,
    1.2697225981864377,
    1.3153512063233748,
    1.2572472728968818,
    1.3087281368780828,
    1.34173509924884,
    1.3078958677208943,
    1.2278890552152182,
    1.2863585614927724,
    1.3392851197201272,
    1.2881985586046596,
    1.294202679021347,
    1.2325554585111314,
    1.2418721275053162,
    1.2363899514295054,
    1.288593531806688,
    1.2964241452839063,
    1.3326623169120384,
    1.3322824625577327,
    1.2580146789550781,
    1.2602658433038831,
    1.3226145874474935,
    1.259252427280813,
    1.3194814373329642,
    1.2650989530167143
  ],
  "val_iou": [
    0.32376545667648315,
    0.335178405046463,
    0.3447507321834564,
    0.35828134417533875,
    0.37141841650009155,
    0.39274096488952637,
    0.42446544766426086,
    0.4607890248298645,
    0.4764525592327118,
    0.4824864864349365,
    0.48032036423683167,
    0.4774089455604553,
    0.48194271326065063,
    0.47380000352859497,
    0.4811406135559082,
    0.4806209206581116,
    0.4844230115413666,
    0.4845338761806488,
    0.4832724928855896,
    0.48602768778800964,
    0.4835953116416931,
    0.4891384541988373,
    0.48941943049430847,
    0.4887830913066864,
    0.49003323912620544,
    0.4852042496204376,
    0.48489299416542053,
    0.49274080991744995,
    0.48969560861587524,
    0.4919002056121826,
    0.49175915122032166,
    0.48961809277534485,
    0.48614194989204407,
    0.48974987864494324,
    0.48978301882743835,
    0.48515239357948303,
    0.49084383249282837,
    0.4927191734313965,
    0.49189072847366333,
    0.4920741617679596,
    0.48911741375923157,
    0.49223917722702026,
    0.49311593174934387,
    0.4928130507469177,
    0.49030473828315735,
    0.4932921826839447,
    0.493484765291214,
    0.491104394197464,
    0.4916801452636719,
    0.4945678114891052,
    0.49196407198905945,
    0.4889293313026428,
    0.48523786664009094,
    0.4855056405067444,
    0.48274773359298706,
    0.488204687833786,
    0.49417296051979065,
    0.4919548034667969,
    0.49234792590141296,
    0.48955973982810974,
    0.491564005613327,
    0.48971429467201233,
    0.4939891993999481,
    0.4938195049762726,
    0.4932384490966797,
    0.4943351149559021,
    0.49284371733665466,
    0.49127069115638733,
    0.4939228594303131,
    0.49140995740890503,
    0.48694470524787903,
    0.48799800872802734,
    0.4893191158771515,
    0.49038663506507874,
    0.4916638731956482,
    0.4903929531574249,
    0.49048513174057007,
    0.4908013939857483,
    0.4913049638271332,
    0.49153321981430054,
    0.49219784140586853,
    0.4932088255882263,
    0.49354061484336853,
    0.4937659800052643,
    0.4937977194786072,
    0.49385929107666016,
    0.49419698119163513,
    0.4942600131034851,
    0.4942968189716339,
    0.4943433105945587,
    0.49441179633140564,
    0.4943787753582001,
    0.49431779980659485,
    0.4942872226238251,
    0.49431902170181274,
    0.49431297183036804,
    0.4942753314971924,
    0.49424436688423157,
    0.4942287504673004,
    0.49421337246894836
  ],
  "val_acc": [
    0.35714285714285715,
    0.35714285714285715,
    0.35714285714285715,
    0.35714285714285715,
    0.42857142857142855,
    0.35714285714285715,
    0.375,
    0.42857142857142855,
    0.32142857142857145,
    0.32142857142857145,
    0.32142857142857145,
    0.375,
    0.48214285714285715,
    0.44642857142857145,
    0.4642857142857143,
    0.4642857142857143,
    0.6071428571428571,
    0.5357142857142857,
    0.5178571428571429,
    0.6964285714285714,
    0.5714285714285714,
    0.5178571428571429,
    0.8035714285714286,
    0.625,
    0.75,
    0.6607142857142857,
    0.6785714285714286,
    0.8035714285714286,
    0.6964285714285714,
    0.8035714285714286,
    0.6964285714285714,
    0.6428571428571429,
    0.6607142857142857,
    0.625,
    0.75,
    0.6607142857142857,
    0.8214285714285714,
    0.8214285714285714,
    0.8035714285714286,
    0.7678571428571429,
    0.75,
    0.7857142857142857,
    0.8214285714285714,
    0.8035714285714286,
    0.8214285714285714,
    0.7857142857142857,
    0.8214285714285714,
    0.7678571428571429,
    0.8392857142857143,
    0.8035714285714286,
    0.7142857142857143,
    0.7678571428571429,
    0.8392857142857143,
    0.8214285714285714,
    0.8035714285714286,
    0.8214285714285714,
    0.8214285714285714,
    0.8214285714285714,
    0.8392857142857143,
    0.7857142857142857,
    0.8392857142857143,
    0.8571428571428571,
    0.8392857142857143,
    0.8392857142857143,
    0.7857142857142857,
    0.8392857142857143,
    0.8571428571428571,
    0.8214285714285714,
    0.8571428571428571,
    0.8392857142857143,
    0.8571428571428571,
    0.8571428571428571,
    0.8571428571428571,
    0.8392857142857143,
    0.8392857142857143,
    0.8214285714285714,
    0.8392857142857143,
    0.8392857142857143,
    0.8392857142857143,
    0.8392857142857143,
    0.8392857142857143,
    0.8214285714285714,
    0.8392857142857143,
    0.8571428571428571,
    0.8214285714285714,
    0.8214285714285714,
    0.8392857142857143,
    0.8571428571428571,
    0.8571428571428571,
    0.8392857142857143,
    0.8392857142857143,
    0.8392857142857143,
    0.8571428571428571,
    0.8571428571428571,
    0.8571428571428571,
    0.8571428571428571,
    0.8571428571428571,
    0.8571428571428571,
    0.8571428571428571,
    0.8571428571428571
  ]
}